{
  "criteria": {
    "requirement": {
      "trigger": "minecraft:inventory_changed",
      "conditions": {
        "player": [
          {
            "condition": "minecraft:inverted",
            "term": {
              "condition": "minecraft:alternative",
              "terms": [
                {
                  "condition": "minecraft:inverted",
                  "term": {
                    "condition": "minecraft:entity_properties",
                    "entity": "this",
                    "predicate": {
                      "equipment": {
                        "offhand": {
                          "nbt": "{bw_wand:1b}"
                        }
                      }
                    }
                  }
                },
                {
                  "condition": "minecraft:inverted",
                  "term": {
                    "condition": "minecraft:entity_properties",
                    "entity": "this",
                    "predicate": {
                      "equipment": {
                        "mainhand": {
                          "item": "minecraft:air"
                        }
                      }
                    }
                  }
                }
              ]
            }
          }
        ]
      }
    }
  },
  "rewards": {
    "function": "bw:non_tick/switch_delay"
  }
}