{
  "condition": "minecraft:alternative",
  "terms": [
    {
      "condition": "minecraft:inverted",
      "term": {
        "condition": "minecraft:alternative",
        "terms": [
          {
            "condition": "minecraft:inverted",
            "term": {
              "condition": "minecraft:location_check",
              "offsetY": 1,
              "predicate": {
                "block": {
                  "blocks": [
                    "minecraft:void_air",
                    "minecraft:cave_air",
                    "minecraft:air"
                  ]
                }
              }
            }
          },
          {
            "condition": "minecraft:inverted",
            "term": {
              "condition": "minecraft:location_check",
              "offsetY": -1,
              "predicate": {
                "block": {
                  "blocks": [
                    "minecraft:farmland",
                    "minecraft:podzol",
                    "minecraft:grass_block",
                    "minecraft:coarse_dirt",
                    "minecraft:dirt"
                  ]
                }
              }
            }
          },
          {
            "condition": "minecraft:inverted",
            "term": {
              "condition": "minecraft:location_check",
              "predicate": {
                "block": {
                  "blocks": [
                    "minecraft:water"
                  ],
                  "state": {
                    "level": "0"
                  }
                }
              }
            }
          }
        ]
      }
    },
    {
      "condition": "minecraft:inverted",
      "term": {
        "condition": "minecraft:alternative",
        "terms": [
          {
            "condition": "minecraft:inverted",
            "term": {
              "condition": "minecraft:location_check",
              "offsetY": 1,
              "predicate": {
                "block": {
                  "blocks": [
                    "minecraft:void_air",
                    "minecraft:cave_air",
                    "minecraft:air"
                  ]
                }
              }
            }
          },
          {
            "condition": "minecraft:inverted",
            "term": {
              "condition": "minecraft:location_check",
              "offsetY": -1,
              "predicate": {
                "block": {
                  "blocks": [
                    "minecraft:clay",
                    "minecraft:moss_block"
                  ]
                }
              }
            }
          }
        ]
      }
    }
  ]
}
