{
    "parent": "item/handheld_rod",
    "textures": {
        "layer0": "item/carrot_on_a_stick"
    },
	
	"overrides": [
		{"predicate": {"custom_model_data": 690222}, "model": "builders_wand:item/stone_wand"},
		{"predicate": {"custom_model_data": 690223}, "model": "builders_wand:item/iron_wand"},
		{"predicate": {"custom_model_data": 690224}, "model": "builders_wand:item/diamond_wand"},
		{"predicate": {"custom_model_data": 690225}, "model": "builders_wand:item/unbreakable_wand"},
		{"predicate": {"custom_model_data": 830222}, "model": "builders_wand:item/stone_wand"},
		{"predicate": {"custom_model_data": 830223}, "model": "builders_wand:item/iron_wand"},
		{"predicate": {"custom_model_data": 830224}, "model": "builders_wand:item/diamond_wand"},
		{"predicate": {"custom_model_data": 830225}, "model": "builders_wand:item/unbreakable_wand"}
	]
}
